Model,Accuracy,Precision,Recall,F1 Score
KNN,0.4,0.3958333333333333,0.38,0.3877551020408163
Naive Bayes,0.43,0.42391304347826086,0.39,0.40625
